userid,times,money,std_money,std_times,type,res
1000000001,8,987,705.2399999999997,6.6400000000000015,高价值型用户,167.78999999999982
1000000016,8,784,705.2399999999997,6.6400000000000015,高价值型用户,133.27999999999986
1000000010,8,773,705.2399999999997,6.6400000000000015,高价值型用户,131.40999999999985
1000000059,8,740,705.2399999999997,6.6400000000000015,高价值型用户,125.79999999999987
1000000070,8,667,705.2399999999997,6.6400000000000015,大众型用户,113.38999999999987
